gender,survival
Men,Survived
Men,Survived
Men,Survived
Men,Survived
Men,Survived
Men,Survived
Men,Survived
Men,Survived
Men,Survived
Men,Survived
Men,Survived
Men,Survived
Men,Survived
Men,Survived
Men,Survived
Men,Survived
Men,Survived
Men,Survived
Men,Survived
Men,Survived
Men,Survived
Men,Survived
Men,Survived
Men,Survived
Men,Survived
Men,Survived
Men,Survived
Men,Survived
Men,Survived
Men,Survived
Men,Survived
Men,Survived
Men,Survived
Men,Survived
Men,Survived
Men,Survived
Men,Survived
Men,Survived
Men,Survived
Men,Survived
Men,Survived
Men,Survived
Men,Survived
Men,Survived
Men,Survived
Men,Survived
Men,Survived
Men,Survived
Men,Survived
Men,Survived
Men,Survived
Men,Survived
Men,Survived
Men,Survived
Men,Survived
Men,Survived
Men,Survived
Men,Died
Men,Died
Men,Died
Men,Died
Men,Died
Men,Died
Men,Died
Men,Died
Men,Died
Men,Died
Men,Died
Men,Died
Men,Died
Men,Died
Men,Died
Men,Died
Men,Died
Men,Died
Men,Died
Men,Died
Men,Died
Men,Died
Men,Died
Men,Died
Men,Died
Men,Died
Men,Died
Men,Died
Men,Died
Men,Died
Men,Died
Men,Died
Men,Died
Men,Died
Men,Died
Men,Died
Men,Died
Men,Died
Men,Died
Men,Died
Men,Died
Men,Died
Men,Died
Men,Died
Men,Died
Men,Died
Men,Died
Men,Died
Men,Died
Men,Died
Men,Died
Men,Died
Men,Died
Men,Died
Men,Died
Men,Died
Men,Died
Men,Died
Men,Died
Men,Died
Men,Died
Men,Died
Men,Died
Men,Died
Men,Died
Men,Died
Men,Died
Men,Died
Men,Died
Men,Died
Men,Died
Men,Died
Men,Died
Men,Died
Men,Died
Men,Died
Men,Died
Men,Died
Men,Died
Men,Died
Men,Died
Men,Died
Men,Died
Men,Died
Men,Died
Men,Died
Men,Died
Men,Died
Men,Died
Men,Died
Men,Died
Men,Died
Men,Died
Men,Died
Men,Died
Men,Died
Men,Died
Men,Died
Men,Died
Men,Died
Men,Died
Men,Died
Men,Died
Men,Died
Men,Died
Men,Died
Men,Died
Men,Died
Men,Died
Men,Died
Men,Died
Men,Died
Men,Died
Men,Died
Men,Died
Men,Died
Men,Died
Men,Died
Women,Survived
Women,Survived
Women,Survived
Women,Survived
Women,Survived
Women,Survived
Women,Survived
Women,Survived
Women,Survived
Women,Survived
Women,Survived
Women,Survived
Women,Survived
Women,Survived
Women,Survived
Women,Survived
Women,Survived
Women,Survived
Women,Survived
Women,Survived
Women,Survived
Women,Survived
Women,Survived
Women,Survived
Women,Survived
Women,Survived
Women,Survived
Women,Survived
Women,Survived
Women,Survived
Women,Survived
Women,Survived
Women,Survived
Women,Survived
Women,Survived
Women,Survived
Women,Survived
Women,Survived
Women,Survived
Women,Survived
Women,Survived
Women,Survived
Women,Survived
Women,Survived
Women,Survived
Women,Survived
Women,Survived
Women,Survived
Women,Survived
Women,Survived
Women,Survived
Women,Survived
Women,Survived
Women,Survived
Women,Survived
Women,Survived
Women,Survived
Women,Survived
Women,Survived
Women,Survived
Women,Survived
Women,Survived
Women,Survived
Women,Survived
Women,Survived
Women,Survived
Women,Survived
Women,Survived
Women,Survived
Women,Survived
Women,Survived
Women,Survived
Women,Survived
Women,Survived
Women,Survived
Women,Survived
Women,Survived
Women,Survived
Women,Survived
Women,Survived
Women,Survived
Women,Survived
Women,Survived
Women,Survived
Women,Survived
Women,Survived
Women,Survived
Women,Survived
Women,Survived
Women,Survived
Women,Survived
Women,Survived
Women,Survived
Women,Survived
Women,Survived
Women,Survived
Women,Survived
Women,Survived
Women,Survived
Women,Survived
Women,Survived
Women,Survived
Women,Survived
Women,Survived
Women,Survived
Women,Survived
Women,Survived
Women,Survived
Women,Survived
Women,Survived
Women,Survived
Women,Survived
Women,Survived
Women,Survived
Women,Survived
Women,Survived
Women,Survived
Women,Survived
Women,Survived
Women,Survived
Women,Survived
Women,Survived
Women,Survived
Women,Survived
Women,Survived
Women,Survived
Women,Survived
Women,Survived
Women,Survived
Women,Survived
Women,Survived
Women,Survived
Women,Survived
Women,Survived
Women,Survived
Women,Survived
Women,Survived
Women,Survived
Women,Survived
Women,Survived
Women,Died
Women,Died
Women,Died
Women,Died
Men,Survived
Men,Survived
Men,Survived
Men,Survived
Men,Survived
Men,Survived
Men,Survived
Men,Survived
Men,Survived
Men,Survived
Men,Survived
Men,Survived
Men,Survived
Men,Survived
Men,Died
Men,Died
Men,Died
Men,Died
Men,Died
Men,Died
Men,Died
Men,Died
Men,Died
Men,Died
Men,Died
Men,Died
Men,Died
Men,Died
Men,Died
Men,Died
Men,Died
Men,Died
Men,Died
Men,Died
Men,Died
Men,Died
Men,Died
Men,Died
Men,Died
Men,Died
Men,Died
Men,Died
Men,Died
Men,Died
Men,Died
Men,Died
Men,Died
Men,Died
Men,Died
Men,Died
Men,Died
Men,Died
Men,Died
Men,Died
Men,Died
Men,Died
Men,Died
Men,Died
Men,Died
Men,Died
Men,Died
Men,Died
Men,Died
Men,Died
Men,Died
Men,Died
Men,Died
Men,Died
Men,Died
Men,Died
Men,Died
Men,Died
Men,Died
Men,Died
Men,Died
Men,Died
Men,Died
Men,Died
Men,Died
Men,Died
Men,Died
Men,Died
Men,Died
Men,Died
Men,Died
Men,Died
Men,Died
Men,Died
Men,Died
Men,Died
Men,Died
Men,Died
Men,Died
Men,Died
Men,Died
Men,Died
Men,Died
Men,Died
Men,Died
Men,Died
Men,Died
Men,Died
Men,Died
Men,Died
Men,Died
Men,Died
Men,Died
Men,Died
Men,Died
Men,Died
Men,Died
Men,Died
Men,Died
Men,Died
Men,Died
Men,Died
Men,Died
Men,Died
Men,Died
Men,Died
Men,Died
Men,Died
Men,Died
Men,Died
Men,Died
Men,Died
Men,Died
Men,Died
Men,Died
Men,Died
Men,Died
Men,Died
Men,Died
Men,Died
Men,Died
Men,Died
Men,Died
Men,Died
Men,Died
Men,Died
Men,Died
Men,Died
Men,Died
Men,Died
Men,Died
Men,Died
Men,Died
Men,Died
Men,Died
Men,Died
Men,Died
Men,Died
Men,Died
Men,Died
Men,Died
Men,Died
Men,Died
Men,Died
Men,Died
Men,Died
Men,Died
Men,Died
Men,Died
Men,Died
Men,Died
Men,Died
Men,Died
Men,Died
Women,Survived
Women,Survived
Women,Survived
Women,Survived
Women,Survived
Women,Survived
Women,Survived
Women,Survived
Women,Survived
Women,Survived
Women,Survived
Women,Survived
Women,Survived
Women,Survived
Women,Survived
Women,Survived
Women,Survived
Women,Survived
Women,Survived
Women,Survived
Women,Survived
Women,Survived
Women,Survived
Women,Survived
Women,Survived
Women,Survived
Women,Survived
Women,Survived
Women,Survived
Women,Survived
Women,Survived
Women,Survived
Women,Survived
Women,Survived
Women,Survived
Women,Survived
Women,Survived
Women,Survived
Women,Survived
Women,Survived
Women,Survived
Women,Survived
Women,Survived
Women,Survived
Women,Survived
Women,Survived
Women,Survived
Women,Survived
Women,Survived
Women,Survived
Women,Survived
Women,Survived
Women,Survived
Women,Survived
Women,Survived
Women,Survived
Women,Survived
Women,Survived
Women,Survived
Women,Survived
Women,Survived
Women,Survived
Women,Survived
Women,Survived
Women,Survived
Women,Survived
Women,Survived
Women,Survived
Women,Survived
Women,Survived
Women,Survived
Women,Survived
Women,Survived
Women,Survived
Women,Survived
Women,Survived
Women,Survived
Women,Survived
Women,Survived
Women,Survived
Women,Died
Women,Died
Women,Died
Women,Died
Women,Died
Women,Died
Women,Died
Women,Died
Women,Died
Women,Died
Women,Died
Women,Died
Women,Died
Men,Survived
Men,Survived
Men,Survived
Men,Survived
Men,Survived
Men,Survived
Men,Survived
Men,Survived
Men,Survived
Men,Survived
Men,Survived
Men,Survived
Men,Survived
Men,Survived
Men,Survived
Men,Survived
Men,Survived
Men,Survived
Men,Survived
Men,Survived
Men,Survived
Men,Survived
Men,Survived
Men,Survived
Men,Survived
Men,Survived
Men,Survived
Men,Survived
Men,Survived
Men,Survived
Men,Survived
Men,Survived
Men,Survived
Men,Survived
Men,Survived
Men,Survived
Men,Survived
Men,Survived
Men,Survived
Men,Survived
Men,Survived
Men,Survived
Men,Survived
Men,Survived
Men,Survived
Men,Survived
Men,Survived
Men,Survived
Men,Survived
Men,Survived
Men,Survived
Men,Survived
Men,Survived
Men,Survived
Men,Survived
Men,Survived
Men,Survived
Men,Survived
Men,Survived
Men,Survived
Men,Survived
Men,Survived
Men,Survived
Men,Survived
Men,Survived
Men,Survived
Men,Survived
Men,Survived
Men,Survived
Men,Survived
Men,Survived
Men,Survived
Men,Survived
Men,Survived
Men,Survived
Men,Died
Men,Died
Men,Died
Men,Died
Men,Died
Men,Died
Men,Died
Men,Died
Men,Died
Men,Died
Men,Died
Men,Died
Men,Died
Men,Died
Men,Died
Men,Died
Men,Died
Men,Died
Men,Died
Men,Died
Men,Died
Men,Died
Men,Died
Men,Died
Men,Died
Men,Died
Men,Died
Men,Died
Men,Died
Men,Died
Men,Died
Men,Died
Men,Died
Men,Died
Men,Died
Men,Died
Men,Died
Men,Died
Men,Died
Men,Died
Men,Died
Men,Died
Men,Died
Men,Died
Men,Died
Men,Died
Men,Died
Men,Died
Men,Died
Men,Died
Men,Died
Men,Died
Men,Died
Men,Died
Men,Died
Men,Died
Men,Died
Men,Died
Men,Died
Men,Died
Men,Died
Men,Died
Men,Died
Men,Died
Men,Died
Men,Died
Men,Died
Men,Died
Men,Died
Men,Died
Men,Died
Men,Died
Men,Died
Men,Died
Men,Died
Men,Died
Men,Died
Men,Died
Men,Died
Men,Died
Men,Died
Men,Died
Men,Died
Men,Died
Men,Died
Men,Died
Men,Died
Men,Died
Men,Died
Men,Died
Men,Died
Men,Died
Men,Died
Men,Died
Men,Died
Men,Died
Men,Died
Men,Died
Men,Died
Men,Died
Men,Died
Men,Died
Men,Died
Men,Died
Men,Died
Men,Died
Men,Died
Men,Died
Men,Died
Men,Died
Men,Died
Men,Died
Men,Died
Men,Died
Men,Died
Men,Died
Men,Died
Men,Died
Men,Died
Men,Died
Men,Died
Men,Died
Men,Died
Men,Died
Men,Died
Men,Died
Men,Died
Men,Died
Men,Died
Men,Died
Men,Died
Men,Died
Men,Died
Men,Died
Men,Died
Men,Died
Men,Died
Men,Died
Men,Died
Men,Died
Men,Died
Men,Died
Men,Died
Men,Died
Men,Died
Men,Died
Men,Died
Men,Died
Men,Died
Men,Died
Men,Died
Men,Died
Men,Died
Men,Died
Men,Died
Men,Died
Men,Died
Men,Died
Men,Died
Men,Died
Men,Died
Men,Died
Men,Died
Men,Died
Men,Died
Men,Died
Men,Died
Men,Died
Men,Died
Men,Died
Men,Died
Men,Died
Men,Died
Men,Died
Men,Died
Men,Died
Men,Died
Men,Died
Men,Died
Men,Died
Men,Died
Men,Died
Men,Died
Men,Died
Men,Died
Men,Died
Men,Died
Men,Died
Men,Died
Men,Died
Men,Died
Men,Died
Men,Died
Men,Died
Men,Died
Men,Died
Men,Died
Men,Died
Men,Died
Men,Died
Men,Died
Men,Died
Men,Died
Men,Died
Men,Died
Men,Died
Men,Died
Men,Died
Men,Died
Men,Died
Men,Died
Men,Died
Men,Died
Men,Died
Men,Died
Men,Died
Men,Died
Men,Died
Men,Died
Men,Died
Men,Died
Men,Died
Men,Died
Men,Died
Men,Died
Men,Died
Men,Died
Men,Died
Men,Died
Men,Died
Men,Died
Men,Died
Men,Died
Men,Died
Men,Died
Men,Died
Men,Died
Men,Died
Men,Died
Men,Died
Men,Died
Men,Died
Men,Died
Men,Died
Men,Died
Men,Died
Men,Died
Men,Died
Men,Died
Men,Died
Men,Died
Men,Died
Men,Died
Men,Died
Men,Died
Men,Died
Men,Died
Men,Died
Men,Died
Men,Died
Men,Died
Men,Died
Men,Died
Men,Died
Men,Died
Men,Died
Men,Died
Men,Died
Men,Died
Men,Died
Men,Died
Men,Died
Men,Died
Men,Died
Men,Died
Men,Died
Men,Died
Men,Died
Men,Died
Men,Died
Men,Died
Men,Died
Men,Died
Men,Died
Men,Died
Men,Died
Men,Died
Men,Died
Men,Died
Men,Died
Men,Died
Men,Died
Men,Died
Men,Died
Men,Died
Men,Died
Men,Died
Men,Died
Men,Died
Men,Died
Men,Died
Men,Died
Men,Died
Men,Died
Men,Died
Men,Died
Men,Died
Men,Died
Men,Died
Men,Died
Men,Died
Men,Died
Men,Died
Men,Died
Men,Died
Men,Died
Men,Died
Men,Died
Men,Died
Men,Died
Men,Died
Men,Died
Men,Died
Men,Died
Men,Died
Men,Died
Men,Died
Men,Died
Men,Died
Men,Died
Men,Died
Men,Died
Men,Died
Men,Died
Men,Died
Men,Died
Men,Died
Men,Died
Men,Died
Men,Died
Men,Died
Men,Died
Men,Died
Men,Died
Men,Died
Men,Died
Men,Died
Men,Died
Men,Died
Men,Died
Men,Died
Men,Died
Men,Died
Men,Died
Men,Died
Men,Died
Men,Died
Men,Died
Men,Died
Men,Died
Men,Died
Men,Died
Men,Died
Men,Died
Men,Died
Men,Died
Men,Died
Men,Died
Men,Died
Men,Died
Men,Died
Men,Died
Men,Died
Men,Died
Men,Died
Men,Died
Men,Died
Men,Died
Men,Died
Men,Died
Men,Died
Men,Died
Men,Died
Men,Died
Men,Died
Men,Died
Men,Died
Women,Survived
Women,Survived
Women,Survived
Women,Survived
Women,Survived
Women,Survived
Women,Survived
Women,Survived
Women,Survived
Women,Survived
Women,Survived
Women,Survived
Women,Survived
Women,Survived
Women,Survived
Women,Survived
Women,Survived
Women,Survived
Women,Survived
Women,Survived
Women,Survived
Women,Survived
Women,Survived
Women,Survived
Women,Survived
Women,Survived
Women,Survived
Women,Survived
Women,Survived
Women,Survived
Women,Survived
Women,Survived
Women,Survived
Women,Survived
Women,Survived
Women,Survived
Women,Survived
Women,Survived
Women,Survived
Women,Survived
Women,Survived
Women,Survived
Women,Survived
Women,Survived
Women,Survived
Women,Survived
Women,Survived
Women,Survived
Women,Survived
Women,Survived
Women,Survived
Women,Survived
Women,Survived
Women,Survived
Women,Survived
Women,Survived
Women,Survived
Women,Survived
Women,Survived
Women,Survived
Women,Survived
Women,Survived
Women,Survived
Women,Survived
Women,Survived
Women,Survived
Women,Survived
Women,Survived
Women,Survived
Women,Survived
Women,Survived
Women,Survived
Women,Survived
Women,Survived
Women,Survived
Women,Survived
Women,Died
Women,Died
Women,Died
Women,Died
Women,Died
Women,Died
Women,Died
Women,Died
Women,Died
Women,Died
Women,Died
Women,Died
Women,Died
Women,Died
Women,Died
Women,Died
Women,Died
Women,Died
Women,Died
Women,Died
Women,Died
Women,Died
Women,Died
Women,Died
Women,Died
Women,Died
Women,Died
Women,Died
Women,Died
Women,Died
Women,Died
Women,Died
Women,Died
Women,Died
Women,Died
Women,Died
Women,Died
Women,Died
Women,Died
Women,Died
Women,Died
Women,Died
Women,Died
Women,Died
Women,Died
Women,Died
Women,Died
Women,Died
Women,Died
Women,Died
Women,Died
Women,Died
Women,Died
Women,Died
Women,Died
Women,Died
Women,Died
Women,Died
Women,Died
Women,Died
Women,Died
Women,Died
Women,Died
Women,Died
Women,Died
Women,Died
Women,Died
Women,Died
Women,Died
Women,Died
Women,Died
Women,Died
Women,Died
Women,Died
Women,Died
Women,Died
Women,Died
Women,Died
Women,Died
Women,Died
Women,Died
Women,Died
Women,Died
Women,Died
Women,Died
Women,Died
Women,Died
Women,Died
Women,Died
Men,Survived
Men,Survived
Men,Survived
Men,Survived
Men,Survived
Men,Survived
Men,Survived
Men,Survived
Men,Survived
Men,Survived
Men,Survived
Men,Survived
Men,Survived
Men,Survived
Men,Survived
Men,Survived
Men,Survived
Men,Survived
Men,Survived
Men,Survived
Men,Survived
Men,Survived
Men,Survived
Men,Survived
Men,Survived
Men,Survived
Men,Survived
Men,Survived
Men,Survived
Men,Survived
Men,Survived
Men,Survived
Men,Survived
Men,Survived
Men,Survived
Men,Survived
Men,Survived
Men,Survived
Men,Survived
Men,Survived
Men,Survived
Men,Survived
Men,Survived
Men,Survived
Men,Survived
Men,Survived
Men,Survived
Men,Survived
Men,Survived
Men,Survived
Men,Survived
Men,Survived
Men,Survived
Men,Survived
Men,Survived
Men,Survived
Men,Survived
Men,Survived
Men,Survived
Men,Survived
Men,Survived
Men,Survived
Men,Survived
Men,Survived
Men,Survived
Men,Survived
Men,Survived
Men,Survived
Men,Survived
Men,Survived
Men,Survived
Men,Survived
Men,Survived
Men,Survived
Men,Survived
Men,Survived
Men,Survived
Men,Survived
Men,Survived
Men,Survived
Men,Survived
Men,Survived
Men,Survived
Men,Survived
Men,Survived
Men,Survived
Men,Survived
Men,Survived
Men,Survived
Men,Survived
Men,Survived
Men,Survived
Men,Survived
Men,Survived
Men,Survived
Men,Survived
Men,Survived
Men,Survived
Men,Survived
Men,Survived
Men,Survived
Men,Survived
Men,Survived
Men,Survived
Men,Survived
Men,Survived
Men,Survived
Men,Survived
Men,Survived
Men,Survived
Men,Survived
Men,Survived
Men,Survived
Men,Survived
Men,Survived
Men,Survived
Men,Survived
Men,Survived
Men,Survived
Men,Survived
Men,Survived
Men,Survived
Men,Survived
Men,Survived
Men,Survived
Men,Survived
Men,Survived
Men,Survived
Men,Survived
Men,Survived
Men,Survived
Men,Survived
Men,Survived
Men,Survived
Men,Survived
Men,Survived
Men,Survived
Men,Survived
Men,Survived
Men,Survived
Men,Survived
Men,Survived
Men,Survived
Men,Survived
Men,Survived
Men,Survived
Men,Survived
Men,Survived
Men,Survived
Men,Survived
Men,Survived
Men,Survived
Men,Survived
Men,Survived
Men,Survived
Men,Survived
Men,Survived
Men,Survived
Men,Survived
Men,Survived
Men,Survived
Men,Survived
Men,Survived
Men,Survived
Men,Survived
Men,Survived
Men,Survived
Men,Survived
Men,Survived
Men,Survived
Men,Survived
Men,Survived
Men,Survived
Men,Survived
Men,Survived
Men,Survived
Men,Survived
Men,Survived
Men,Survived
Men,Survived
Men,Survived
Men,Survived
Men,Survived
Men,Survived
Men,Survived
Men,Survived
Men,Survived
Men,Survived
Men,Survived
Men,Survived
Men,Survived
Men,Survived
Men,Died
Men,Died
Men,Died
Men,Died
Men,Died
Men,Died
Men,Died
Men,Died
Men,Died
Men,Died
Men,Died
Men,Died
Men,Died
Men,Died
Men,Died
Men,Died
Men,Died
Men,Died
Men,Died
Men,Died
Men,Died
Men,Died
Men,Died
Men,Died
Men,Died
Men,Died
Men,Died
Men,Died
Men,Died
Men,Died
Men,Died
Men,Died
Men,Died
Men,Died
Men,Died
Men,Died
Men,Died
Men,Died
Men,Died
Men,Died
Men,Died
Men,Died
Men,Died
Men,Died
Men,Died
Men,Died
Men,Died
Men,Died
Men,Died
Men,Died
Men,Died
Men,Died
Men,Died
Men,Died
Men,Died
Men,Died
Men,Died
Men,Died
Men,Died
Men,Died
Men,Died
Men,Died
Men,Died
Men,Died
Men,Died
Men,Died
Men,Died
Men,Died
Men,Died
Men,Died
Men,Died
Men,Died
Men,Died
Men,Died
Men,Died
Men,Died
Men,Died
Men,Died
Men,Died
Men,Died
Men,Died
Men,Died
Men,Died
Men,Died
Men,Died
Men,Died
Men,Died
Men,Died
Men,Died
Men,Died
Men,Died
Men,Died
Men,Died
Men,Died
Men,Died
Men,Died
Men,Died
Men,Died
Men,Died
Men,Died
Men,Died
Men,Died
Men,Died
Men,Died
Men,Died
Men,Died
Men,Died
Men,Died
Men,Died
Men,Died
Men,Died
Men,Died
Men,Died
Men,Died
Men,Died
Men,Died
Men,Died
Men,Died
Men,Died
Men,Died
Men,Died
Men,Died
Men,Died
Men,Died
Men,Died
Men,Died
Men,Died
Men,Died
Men,Died
Men,Died
Men,Died
Men,Died
Men,Died
Men,Died
Men,Died
Men,Died
Men,Died
Men,Died
Men,Died
Men,Died
Men,Died
Men,Died
Men,Died
Men,Died
Men,Died
Men,Died
Men,Died
Men,Died
Men,Died
Men,Died
Men,Died
Men,Died
Men,Died
Men,Died
Men,Died
Men,Died
Men,Died
Men,Died
Men,Died
Men,Died
Men,Died
Men,Died
Men,Died
Men,Died
Men,Died
Men,Died
Men,Died
Men,Died
Men,Died
Men,Died
Men,Died
Men,Died
Men,Died
Men,Died
Men,Died
Men,Died
Men,Died
Men,Died
Men,Died
Men,Died
Men,Died
Men,Died
Men,Died
Men,Died
Men,Died
Men,Died
Men,Died
Men,Died
Men,Died
Men,Died
Men,Died
Men,Died
Men,Died
Men,Died
Men,Died
Men,Died
Men,Died
Men,Died
Men,Died
Men,Died
Men,Died
Men,Died
Men,Died
Men,Died
Men,Died
Men,Died
Men,Died
Men,Died
Men,Died
Men,Died
Men,Died
Men,Died
Men,Died
Men,Died
Men,Died
Men,Died
Men,Died
Men,Died
Men,Died
Men,Died
Men,Died
Men,Died
Men,Died
Men,Died
Men,Died
Men,Died
Men,Died
Men,Died
Men,Died
Men,Died
Men,Died
Men,Died
Men,Died
Men,Died
Men,Died
Men,Died
Men,Died
Men,Died
Men,Died
Men,Died
Men,Died
Men,Died
Men,Died
Men,Died
Men,Died
Men,Died
Men,Died
Men,Died
Men,Died
Men,Died
Men,Died
Men,Died
Men,Died
Men,Died
Men,Died
Men,Died
Men,Died
Men,Died
Men,Died
Men,Died
Men,Died
Men,Died
Men,Died
Men,Died
Men,Died
Men,Died
Men,Died
Men,Died
Men,Died
Men,Died
Men,Died
Men,Died
Men,Died
Men,Died
Men,Died
Men,Died
Men,Died
Men,Died
Men,Died
Men,Died
Men,Died
Men,Died
Men,Died
Men,Died
Men,Died
Men,Died
Men,Died
Men,Died
Men,Died
Men,Died
Men,Died
Men,Died
Men,Died
Men,Died
Men,Died
Men,Died
Men,Died
Men,Died
Men,Died
Men,Died
Men,Died
Men,Died
Men,Died
Men,Died
Men,Died
Men,Died
Men,Died
Men,Died
Men,Died
Men,Died
Men,Died
Men,Died
Men,Died
Men,Died
Men,Died
Men,Died
Men,Died
Men,Died
Men,Died
Men,Died
Men,Died
Men,Died
Men,Died
Men,Died
Men,Died
Men,Died
Men,Died
Men,Died
Men,Died
Men,Died
Men,Died
Men,Died
Men,Died
Men,Died
Men,Died
Men,Died
Men,Died
Men,Died
Men,Died
Men,Died
Men,Died
Men,Died
Men,Died
Men,Died
Men,Died
Men,Died
Men,Died
Men,Died
Men,Died
Men,Died
Men,Died
Men,Died
Men,Died
Men,Died
Men,Died
Men,Died
Men,Died
Men,Died
Men,Died
Men,Died
Men,Died
Men,Died
Men,Died
Men,Died
Men,Died
Men,Died
Men,Died
Men,Died
Men,Died
Men,Died
Men,Died
Men,Died
Men,Died
Men,Died
Men,Died
Men,Died
Men,Died
Men,Died
Men,Died
Men,Died
Men,Died
Men,Died
Men,Died
Men,Died
Men,Died
Men,Died
Men,Died
Men,Died
Men,Died
Men,Died
Men,Died
Men,Died
Men,Died
Men,Died
Men,Died
Men,Died
Men,Died
Men,Died
Men,Died
Men,Died
Men,Died
Men,Died
Men,Died
Men,Died
Men,Died
Men,Died
Men,Died
Men,Died
Men,Died
Men,Died
Men,Died
Men,Died
Men,Died
Men,Died
Men,Died
Men,Died
Men,Died
Men,Died
Men,Died
Men,Died
Men,Died
Men,Died
Men,Died
Men,Died
Men,Died
Men,Died
Men,Died
Men,Died
Men,Died
Men,Died
Men,Died
Men,Died
Men,Died
Men,Died
Men,Died
Men,Died
Men,Died
Men,Died
Men,Died
Men,Died
Men,Died
Men,Died
Men,Died
Men,Died
Men,Died
Men,Died
Men,Died
Men,Died
Men,Died
Men,Died
Men,Died
Men,Died
Men,Died
Men,Died
Men,Died
Men,Died
Men,Died
Men,Died
Men,Died
Men,Died
Men,Died
Men,Died
Men,Died
Men,Died
Men,Died
Men,Died
Men,Died
Men,Died
Men,Died
Men,Died
Men,Died
Men,Died
Men,Died
Men,Died
Men,Died
Men,Died
Men,Died
Men,Died
Men,Died
Men,Died
Men,Died
Men,Died
Men,Died
Men,Died
Men,Died
Men,Died
Men,Died
Men,Died
Men,Died
Men,Died
Men,Died
Men,Died
Men,Died
Men,Died
Men,Died
Men,Died
Men,Died
Men,Died
Men,Died
Men,Died
Men,Died
Men,Died
Men,Died
Men,Died
Men,Died
Men,Died
Men,Died
Men,Died
Men,Died
Men,Died
Men,Died
Men,Died
Men,Died
Men,Died
Men,Died
Men,Died
Men,Died
Men,Died
Men,Died
Men,Died
Men,Died
Men,Died
Men,Died
Men,Died
Men,Died
Men,Died
Men,Died
Men,Died
Men,Died
Men,Died
Men,Died
Men,Died
Men,Died
Men,Died
Men,Died
Men,Died
Men,Died
Men,Died
Men,Died
Men,Died
Men,Died
Men,Died
Men,Died
Men,Died
Men,Died
Men,Died
Men,Died
Men,Died
Men,Died
Men,Died
Men,Died
Men,Died
Men,Died
Men,Died
Men,Died
Men,Died
Men,Died
Men,Died
Men,Died
Men,Died
Men,Died
Men,Died
Men,Died
Men,Died
Men,Died
Men,Died
Men,Died
Men,Died
Men,Died
Men,Died
Men,Died
Men,Died
Men,Died
Men,Died
Men,Died
Men,Died
Men,Died
Men,Died
Men,Died
Men,Died
Men,Died
Men,Died
Men,Died
Men,Died
Men,Died
Men,Died
Men,Died
Men,Died
Men,Died
Men,Died
Men,Died
Men,Died
Men,Died
Men,Died
Men,Died
Men,Died
Men,Died
Men,Died
Men,Died
Men,Died
Men,Died
Men,Died
Men,Died
Men,Died
Men,Died
Men,Died
Men,Died
Men,Died
Men,Died
Men,Died
Men,Died
Men,Died
Men,Died
Men,Died
Men,Died
Men,Died
Men,Died
Men,Died
Men,Died
Men,Died
Men,Died
Men,Died
Men,Died
Men,Died
Men,Died
Men,Died
Men,Died
Men,Died
Men,Died
Men,Died
Men,Died
Men,Died
Men,Died
Men,Died
Men,Died
Men,Died
Men,Died
Men,Died
Men,Died
Men,Died
Men,Died
Men,Died
Men,Died
Men,Died
Men,Died
Men,Died
Men,Died
Men,Died
Men,Died
Men,Died
Men,Died
Men,Died
Men,Died
Men,Died
Men,Died
Men,Died
Men,Died
Men,Died
Men,Died
Men,Died
Men,Died
Men,Died
Men,Died
Men,Died
Men,Died
Men,Died
Men,Died
Men,Died
Men,Died
Men,Died
Women,Survived
Women,Survived
Women,Survived
Women,Survived
Women,Survived
Women,Survived
Women,Survived
Women,Survived
Women,Survived
Women,Survived
Women,Survived
Women,Survived
Women,Survived
Women,Survived
Women,Survived
Women,Survived
Women,Survived
Women,Survived
Women,Survived
Women,Survived
Women,Died
Women,Died
Women,Died